{
  "$schema": "https://schema.management.azure.com/schemas/2015-01-01/deploymentTemplate.json#",
  "contentVersion": "1.0.0.0",
  "parameters": {
    "commonName": {
      "type": "string",
      "minLength": 2,
      "defaultValue": "[uniqueString(resourceGroup().id)]",
      "metadata": {
        "description": "Needs to be unique name"
      }
    },
    "musicstoreSpSkuName": {
      "type": "string",
      "defaultValue": "F1",
      "allowedValues": [
        "F1",
        "D1",
        "B1",
        "B2",
        "B3",
        "S1",
        "S2",
        "S3",
        "P1",
        "P2",
        "P3",
        "P4"
      ],
      "metadata": {
        "description": "Describes plan's pricing tier and capacity. Check details at https://azure.microsoft.com/en-us/pricing/details/app-service/"
      }
    }
  },
  "variables": {
    "musicStore": {
      "webAppName": "[concat(parameters('commonName'), '-webapp')]",
      "servicePlanName": "[concat(parameters('commonName'), '-sp')]",
      "appInsightsName": "[concat(parameters('commonName'), '-appinsights')]"
    }
  },
  "resources": [
    {
      "name": "[variables('musicStore').servicePlanName]",
      "type": "Microsoft.Web/serverfarms",
      "location": "[resourceGroup().location]",
      "apiVersion": "2015-08-01",
      "sku": {
        "name": "[parameters('musicstoreSpSkuName')]"
      },
      "dependsOn": [],
      "tags": {
        "displayName": "[variables('musicStore').servicePlanName]"
      },
      "properties": {
        "name": "[variables('musicStore').servicePlanName]",
        "numberOfWorkers": 1
      }
    },
    {
      "name": "[variables('musicStore').webAppName]",
      "type": "Microsoft.Web/sites",
      "location": "[resourceGroup().location]",
      "apiVersion": "2015-08-01",
      "dependsOn": [
        "[resourceId('Microsoft.Web/serverfarms', variables('musicStore').servicePlanName)]"
      ],
      "tags": {
        "[concat('hidden-related:', resourceId('Microsoft.Web/serverfarms', variables('musicStore').servicePlanName))]": "Resource",
        "displayName": "[variables('musicStore').webAppName]"
      },
      "properties": {
        "name": "[variables('musicStore').webAppName]",
        "serverFarmId": "[resourceId('Microsoft.Web/serverfarms', variables('musicStore').servicePlanName)]"
        }
      },
    {
      "name": "[variables('musicStore').appInsightsName]",
      "type": "Microsoft.Insights/components",
      "location": "[resourceGroup().location]",
      "apiVersion": "2014-04-01",
      "dependsOn": [
        "[resourceId('Microsoft.Web/sites', variables('musicStore').webAppName)]"
      ],
      "tags": {
        "displayName": "[concat('Component ',variables('musicStore').appInsightsName)]"
      },
      "properties": {
        "applicationId": "[resourceId('Microsoft.Web/sites', variables('musicStore').webAppName)]"
      }
    }],
  "outputs": {
    "Config_ApplicationInsightKey": {
      "type": "string",
      "value": "[reference(variables('musicStore').appInsightsName).InstrumentationKey]"
    }
  }
}
